t_ms,x,y
0,1040.22,657.34
4,1040.22,657.34
9,1040.22,657.34
14,1040.22,657.34
19,1040.22,657.34
24,1040.22,657.34
29,1040.22,657.34
34,1040.22,657.34
39,1040.22,657.34
44,1040.22,657.34
49,1040.22,657.34
54,1040.22,657.34
59,1040.22,657.34
63,1040.22,657.34
68,1040.22,657.34
73,1040.22,657.34
77,1040.22,657.34
82,1040.22,657.34
87,1040.22,657.34
92,1040.22,657.34
96,1040.22,657.34
101,1040.22,657.34
106,1040.22,657.34
110,1040.22,657.34
115,1040.22,657.34
120,1040.22,657.34
125,1040.22,657.34
130,1040.22,657.34
135,1040.22,657.34
140,1040.22,657.34
145,1040.22,657.34
149,1040.22,657.34
154,1040.22,657.34
159,1040.22,657.34
164,1040.22,657.34
169,1040.22,657.34
174,1040.22,657.34
179,1040.22,657.34
184,1040.22,657.34
189,1040.22,657.34
194,1040.22,657.34
199,1040.22,657.34
204,1040.22,657.34
209,1040.22,657.34
213,1040.22,657.34
218,1040.22,657.34
222,1040.22,657.34
227,1040.22,657.34
232,1040.22,657.34
236,1040.22,657.34
241,1040.22,657.34
246,1040.22,657.34
251,1040.22,657.34
255,1040.22,657.34
259,1040.22,657.34
264,1040.22,657.34
269,1040.22,657.34
274,1040.22,657.34
279,1040.22,657.34
284,1040.22,657.34
289,1040.22,657.34
294,1040.22,657.34
299,1040.22,657.34
304,1040.22,657.34
309,1040.22,657.34
314,1040.22,657.34
318,1040.22,657.34
323,1040.22,657.34
328,1040.22,657.34
333,1040.22,657.34
338,1040.22,657.34
343,1040.22,657.34
347,1040.22,657.34
352,1040.22,657.34
357,1040.22,657.34
362,1040.22,657.34
367,1040.22,657.34
371,1040.22,657.34
376,1040.22,657.34
381,1040.22,657.34
386,1040.22,657.34
390,1040.22,657.34
395,1040.22,657.34
400,1040.22,657.34
405,1040.22,657.34
410,1040.22,657.34
415,1040.22,657.34
420,1040.22,657.34
424,1040.22,657.34
428,1040.22,657.34
433,1040.22,657.34
438,1040.22,657.34
443,1040.22,657.34
448,1040.22,657.34
453,1040.22,657.34
457,1040.22,657.34
461,1040.22,657.34
466,1040.22,657.34
471,1040.22,657.34
476,1040.22,657.34
481,1040.22,657.34
486,1040.22,657.34
491,1040.22,657.34
496,1040.22,657.34
501,1040.22,657.34
505,1040.22,657.34
510,1040.22,657.34
515,1040.22,657.34
520,1040.22,657.34
525,1040.22,657.34
530,1040.22,657.34
535,1040.22,657.34
539,1040.22,657.34
544,1040.22,657.34
548,1040.22,657.34
552,1040.22,657.34
557,1040.22,657.34
562,1040.22,657.34
566,1040.22,657.34
570,1040.22,657.34
575,1040.22,657.34
580,1040.22,657.34
585,1040.22,657.34
589,1040.22,657.34
594,1040.22,657.34
599,1040.22,657.34
604,1040.22,657.34
609,1040.22,657.34
614,1040.22,657.34
619,1040.22,657.34
624,1040.22,657.34
629,1040.22,657.34
634,1040.22,657.34
639,1040.22,657.34
644,1040.22,657.34
648,1040.22,657.34
653,1040.22,657.34
658,1040.22,657.34
663,1040.22,657.34
668,1040.22,657.34
673,1040.22,657.34
677,1040.22,657.34
682,1040.22,657.34
686,1040.22,657.34
691,1040.22,657.34
696,1040.22,657.34
700,1040.22,657.34
705,1040.22,657.34
710,1040.22,657.34
715,1040.22,657.34
720,1040.22,657.34
725,1040.22,657.34
730,1040.22,657.34
735,1040.22,657.34
739,1040.22,657.34
744,1040.22,657.34
749,1040.22,657.34
754,1040.22,657.34
759,1040.22,657.34
764,1040.22,657.34
769,1040.22,657.34
774,1040.22,657.34
778,1040.22,657.34
783,1040.22,657.34
787,1040.22,657.34
792,1040.22,657.34
796,1040.22,657.34
801,1040.22,657.34
806,1040.22,657.34
811,1040.22,657.34
815,1040.22,657.34
820,1040.22,657.34
824,1040.22,657.34
829,1040.22,657.34
834,1040.22,657.34
838,1040.22,657.34
842,1040.22,657.34
847,1040.22,657.34
851,1040.22,657.34
856,1040.22,657.34
861,1040.22,657.34
866,1040.22,657.34
871,1040.22,657.34
875,1040.22,657.34
880,1040.22,657.34
885,1040.22,657.34
890,1040.22,657.34
895,1040.22,657.34
900,1040.22,657.34
905,1040.22,657.34
910,1040.22,657.34
915,1040.22,657.34
920,1040.22,657.34
925,1040.22,657.34
930,1040.22,657.34
935,1040.22,657.34
940,1040.22,657.34
945,1040.22,657.34
950,1040.22,657.34
954,1040.22,657.34
959,1040.22,657.34
964,1040.22,657.34
968,1040.22,657.34
973,1040.22,657.34
978,1040.22,657.34
983,1040.22,657.34
987,1040.22,657.34
992,1040.22,657.34
996,1040.22,657.34
1000,1040.22,657.34
1005,1040.22,657.34
1010,1040.22,657.34
1015,1040.22,657.34
1020,1040.22,657.34
1025,1040.22,657.34
1030,1040.22,657.34
1034,1040.22,657.34
1039,1040.22,657.34
1044,1040.22,657.34
1049,1040.22,657.34
1053,1040.22,657.34
1058,1040.22,657.34
1063,1040.22,657.34
1068,1040.22,657.34
1073,1040.22,657.34
1078,1040.22,657.34
1083,1040.22,657.34
1088,1040.22,657.34
1093,1040.22,657.34
1098,1040.22,657.34
1103,1040.22,657.34
1107,1040.22,657.34
1112,1040.22,657.34
1117,1040.22,657.34
1122,1040.22,657.34
1127,1040.22,657.34
1132,1040.22,657.34
1137,1040.22,657.34
1142,1040.22,657.34
1147,1040.22,657.34
1151,1040.22,657.34
1155,1040.22,657.34
1160,1040.22,657.34
1165,1040.22,657.34
1170,1040.22,657.34
1175,1040.22,657.34
1180,1040.22,657.34
1185,1040.22,657.34
1190,1040.22,657.34
1195,1040.22,657.34
1200,1040.22,657.34
1205,1040.22,657.34
1210,1040.22,657.34
1214,1040.22,657.34
1219,1040.22,657.34
1223,1040.22,657.34
1228,1040.22,657.34
1233,1040.22,657.34
1237,1040.22,657.34
1242,1040.22,657.34
1247,1040.22,657.34
1251,1040.22,657.34
1256,1040.22,657.34
1261,1040.22,657.34
1265,1040.22,657.34
1270,1040.22,657.34
1275,1040.22,657.34
1279,1040.22,657.34
1284,1040.22,657.34
1288,1040.22,657.34
1293,1040.22,657.34
1298,1040.22,657.34
1302,1040.22,657.34
1307,1040.22,657.34
1312,1040.22,657.34
1317,1040.22,657.34
1322,1040.22,657.34
1327,1040.22,657.34
1332,1040.22,657.34
1337,1040.22,657.34
1342,1040.22,657.34
1347,1040.22,657.34
1352,1040.22,657.34
1356,1040.22,657.34
1361,1040.22,657.34
1365,1040.22,657.34
1370,1040.22,657.34
1374,1040.22,657.34
1379,1040.22,657.34
1383,1040.22,657.34
1388,1040.22,657.34
1393,1040.22,657.34
1397,1040.22,657.34
1402,1040.22,657.34
1407,1040.22,657.34
1412,1040.22,657.34
1417,1040.22,657.34
1421,1040.22,657.34
1426,1040.22,657.34
1431,1040.22,657.34
1435,1040.22,657.34
1440,1040.22,657.34
1444,1040.22,657.34
1449,1040.22,657.34
1454,1040.22,657.34
1459,1040.22,657.34
1464,1040.22,657.34
1469,1040.22,657.34
1474,1040.22,657.34
1478,1040.22,657.34
1483,1040.22,657.34
1488,1040.22,657.34
1493,1040.22,657.34
1498,1040.22,657.34
1502,1040.22,657.34
1507,1040.22,657.34
1512,1040.22,657.34
1517,1040.22,657.34
1522,1040.22,657.34
1527,1040.22,657.34
1531,1040.22,657.34
1536,1040.22,657.34
1541,1040.22,657.34
1546,1040.22,657.34
1551,1040.22,657.34
1555,1040.22,657.34
1560,1040.22,657.34
1565,1040.22,657.34
1570,1040.22,657.34
1575,1040.22,657.34
1579,1040.22,657.34
1584,1040.22,657.34
1588,1040.22,657.34
1593,1040.22,657.34
1597,1040.22,657.34
1602,1040.22,657.34
1607,1040.22,657.34
1612,1040.22,657.34
1617,1040.22,657.34
1621,1040.22,657.34
1626,1040.22,657.34
1631,1040.22,657.34
1636,1040.22,657.34
1641,1040.22,657.34
1646,1040.22,657.34
1651,1040.22,657.34
1656,1040.22,657.34
1661,1040.22,657.34
1665,1040.22,657.34
1670,1040.22,657.34
1675,1040.22,657.34
1680,1040.22,657.34
1685,1040.22,657.34
1690,1040.22,657.34
1695,1040.22,657.34
1700,1040.22,657.34
1704,1040.22,657.34
1709,1040.22,657.34
1714,1040.22,657.34
1719,1040.22,657.34
1724,1040.22,657.34
1729,1040.22,657.34
1734,1040.22,657.34
1739,1040.22,657.34
1744,1040.22,657.34
1749,1040.22,657.34
1754,1040.22,657.34
1758,1040.22,657.34
1763,1040.22,657.34
1768,1040.22,657.34
1773,1040.22,657.34
1778,1040.22,657.34
1783,1040.22,657.34
1788,1040.22,657.34
1793,1040.22,657.34
1798,1040.22,657.34
1803,1040.22,657.34
1808,1040.22,657.34
1813,1040.22,657.34
1818,1040.22,657.34
1822,1040.22,657.34
1827,1040.22,657.34
1832,1040.22,657.34
1836,1040.22,657.34
1841,1040.22,657.34
1846,1040.22,657.34
1851,1040.22,657.34
1856,1040.22,657.34
1861,1040.22,657.34
1865,1040.22,657.34
1870,1040.22,657.34
1875,1040.22,657.34
1880,1040.22,657.34
1885,1040.22,657.34
1889,1040.22,657.34
1894,1040.22,657.34
1899,1040.22,657.34
1904,1040.22,657.34
1909,1040.22,657.34
1914,1040.22,657.34
1919,1040.22,657.34
1924,1040.22,657.34
1929,1040.22,657.34
1934,1040.22,657.34
1939,1040.22,657.34
1943,1040.22,657.34
1948,1040.22,657.34
1952,1040.22,657.34
1957,1040.22,657.34
1962,1040.22,657.34
1967,1040.22,657.34
1972,1040.22,657.34
1977,1040.22,657.34
1981,1040.22,657.34
1986,1040.22,657.34
1991,1040.22,657.34
1996,1040.22,657.34
2001,1040.22,657.34
2006,1040.22,657.34
2011,1040.22,657.34
2016,1040.22,657.34
2021,1040.22,657.34
2026,1040.22,657.34
2030,1040.22,657.34
2035,1040.22,657.34
2039,1040.22,657.34
2044,1040.22,657.34
2049,1040.22,657.34
2054,1040.22,657.34
2059,1040.22,657.34
2063,1040.22,657.34
2068,1040.22,657.34
2072,1040.22,657.34
2077,1040.22,657.34
2082,1040.22,657.34
2087,1040.22,657.34
2092,1040.22,657.34
2097,1040.22,657.34
2102,1040.22,657.34
2107,1040.22,657.34
2112,1040.22,657.34
2116,1040.22,657.34
2120,1040.22,657.34
2125,1040.22,657.34
2130,1040.22,657.34
2135,1040.22,657.34
2140,1040.22,657.34
2145,1040.22,657.34
2150,1040.22,657.34
2155,1040.22,657.34
2160,1040.22,657.34
2165,1040.22,657.34
2170,1040.22,657.34
2174,1040.22,657.34
2179,1040.22,657.34
2184,1040.22,657.34
2189,1040.22,657.34
2194,1040.22,657.34
2199,1040.22,657.34
2203,1040.22,657.34
2208,1040.22,657.34
2213,1040.22,657.34
2218,1040.22,657.34
2223,1040.22,657.34
2227,1040.22,657.34
2232,1040.22,657.34
2237,1040.22,657.34
2242,1040.22,657.34
2246,1040.22,657.34
2251,1040.22,657.34
2256,1040.22,657.34
2261,1040.22,657.34
2266,1040.22,657.34
2270,1040.22,657.34
2275,1040.22,657.34
2280,1040.22,657.34
2285,1040.22,657.34
2290,1040.22,657.34
2294,1040.22,657.34
2299,1040.22,657.34
2304,1040.22,657.34
2309,1040.22,657.34
2314,1040.22,657.34
2318,1040.22,657.34
2323,1040.22,657.34
2328,1040.22,657.34
2333,1040.22,657.34
2338,1040.22,657.34
2342,1040.22,657.34
2347,1040.22,657.34
2352,1040.22,657.34
2357,1040.22,657.34
2362,1040.22,657.34
2367,1040.22,657.34
2372,1040.22,657.34
2377,1040.22,657.34
2382,1040.22,657.34
2387,1040.22,657.34
2392,1040.22,657.34
2397,1040.22,657.34
2402,1040.22,657.34
2407,1040.22,657.34
2411,1040.22,657.34
2416,1040.22,657.34
2420,1040.22,657.34
2425,1040.22,657.34
2429,1040.22,657.34
2434,1040.22,657.34
2439,1040.22,657.34
2443,1040.22,657.34
2448,1040.22,657.34
2453,1040.22,657.34
2458,1040.22,657.34
2463,1040.22,657.34
2468,1040.22,657.34
2473,1040.22,657.34
2477,1040.22,657.34
2482,1040.22,657.34
2487,1040.22,657.34
2492,1040.22,657.34
2497,1040.22,657.34
2502,1040.22,657.34
2507,1040.22,657.34
2512,1040.22,657.34
2516,1040.22,657.34
2521,1040.22,657.34
2526,1040.22,657.34
2531,1040.22,657.34
2536,1040.22,657.34
2541,1040.22,657.34
2545,1040.22,657.34
2550,1040.22,657.34
2555,1040.22,657.34
2560,1040.22,657.34
2564,1040.22,657.34
2568,1040.22,657.34
2573,1040.22,657.34
2578,1040.22,657.34
2583,1040.22,657.34
2587,1040.22,657.34
2592,1040.22,657.34
2596,1040.22,657.34
2601,1040.22,657.34
2606,1040.22,657.34
2611,1040.22,657.34
2616,1040.22,657.34
2621,1040.22,657.34
2626,1040.22,657.34
2631,1040.22,657.34
2636,1040.22,657.34
2641,1040.22,657.34
2645,1040.22,657.34
2650,1040.22,657.34
2655,1040.22,657.34
2659,1040.22,657.34
2664,1040.22,657.34
2669,1040.22,657.34
2674,1040.22,657.34
2679,1040.22,657.34
2684,1040.22,657.34
2688,1040.22,657.34
2692,1040.22,657.34
2697,1040.22,657.34
2702,1040.22,657.34
2707,1040.22,657.34
2712,1040.22,657.34
2716,1040.22,657.34
2721,1040.22,657.34
2726,1040.22,657.34
2730,1040.22,657.34
2735,1040.22,657.34
2740,1040.22,657.34
2745,1040.22,657.34
2750,1040.22,657.34
2755,1040.22,657.34
2760,1040.22,657.34
2765,1040.22,657.34
2769,1040.22,657.34
2773,1040.22,657.34
2778,1040.22,657.34
2782,1040.22,657.34
2787,1040.22,657.34
2792,1040.22,657.34
2796,1040.22,657.34
2801,1040.22,657.34
2805,1040.22,657.34
2810,1040.22,657.34
2815,1040.22,657.34
2820,1040.22,657.34
2824,1040.22,657.34
2829,1040.22,657.34
2834,1040.22,657.34
2838,1040.22,657.34
2843,1040.22,657.34
2847,1040.22,657.34
2852,1040.22,657.34
2857,1040.22,657.34
2862,1040.22,657.34
2867,1040.45,657.34
2872,1040.45,657.34
2877,1040.45,657.34
2882,1040.45,657.34
2887,1040.45,657.34
2892,1040.45,657.34
2897,1040.45,657.34
2902,1040.45,657.34
2906,1040.45,657.34
2911,1040.45,657.34
2916,1040.45,657.34
2921,1040.45,657.34
2926,1040.45,657.34
2931,1040.45,657.34
2936,1040.45,657.34
2941,1040.45,657.34
2946,1040.45,657.34
2951,1040.45,657.34
2955,1040.45,657.34
2960,1040.45,657.34
2964,1040.45,657.34
2968,1040.45,657.34
2973,1040.45,657.34
2978,1040.67,657.34
2982,1040.67,657.34
2987,1040.67,657.34
2992,1040.67,657.34
2996,1040.90,657.34
3001,1040.90,657.34
3006,1040.90,657.34
3011,1040.90,657.34
3016,1041.12,657.11
3021,1041.12,657.11
3026,1041.12,657.11
3031,1041.12,657.11
3036,1041.12,657.11
3041,1041.12,657.11
3046,1041.12,657.11
3050,1041.12,657.11
3055,1041.12,657.11
3060,1041.12,657.11
3065,1041.12,657.11
3070,1041.12,657.11
3075,1041.12,657.11
3080,1041.12,657.11
3085,1041.12,657.11
3090,1041.12,657.11
3095,1041.12,657.11
3100,1041.12,657.11
3105,1041.12,657.11
3110,1041.12,657.11
3114,1041.12,657.11
3119,1041.12,657.11
3124,1041.12,657.11
3129,1041.12,657.11
3133,1041.12,657.11
3138,1041.12,657.11
3143,1041.12,657.11
3148,1041.12,657.11
3153,1041.12,657.11
3157,1041.12,657.11
3162,1041.12,657.11
3166,1041.12,657.11
3171,1041.12,657.11
3176,1041.12,657.11
3181,1041.12,657.11
3186,1041.12,657.11
3191,1041.12,657.11
3196,1041.12,657.11
3201,1041.12,657.11
3206,1041.12,657.11
3211,1041.12,657.11
3215,1041.12,657.11
3219,1041.12,657.11
3224,1041.12,657.11
3229,1041.12,657.11
3234,1041.12,657.11
3239,1041.12,657.11
3243,1041.12,657.11
3247,1041.12,657.11
3252,1041.12,657.11
3257,1041.12,657.11
3261,1041.12,657.11
3266,1041.12,657.11
3271,1041.12,657.11
3276,1041.12,657.11
3281,1041.12,657.11
3286,1041.12,657.11
3291,1041.12,657.11
3295,1041.12,657.11
3300,1041.12,657.11
3305,1041.12,657.11
3310,1041.12,657.11
3315,1041.12,657.11
3320,1041.12,657.11
3325,1041.12,657.11
3330,1041.12,657.11
3335,1041.12,657.11
3339,1041.12,657.11
3344,1041.12,657.11
3349,1041.12,657.11
3353,1041.12,657.11
3358,1041.12,657.11
3363,1041.12,657.11
3368,1041.12,657.11
3373,1041.12,657.11
3378,1041.12,657.11
3383,1041.12,657.11
3388,1041.12,657.11
3393,1041.12,657.11
3397,1041.12,657.11
3402,1041.12,657.11
3407,1041.12,657.11
3411,1041.12,657.11
3416,1041.12,657.11
3421,1041.12,657.11
3426,1041.12,657.11
3431,1041.12,657.11
3436,1041.12,657.11
3441,1041.12,657.11
3446,1041.12,657.11
3451,1041.12,657.11
3456,1041.12,657.11
3461,1041.12,657.11
3466,1041.12,657.11
3471,1041.12,657.11
3476,1041.12,657.11
3481,1041.12,657.11
3486,1041.12,657.11
3490,1041.12,657.11
3494,1041.12,657.11
3499,1041.12,657.11
3503,1041.12,657.11
3508,1041.12,657.11
3512,1041.12,657.11
3517,1041.12,657.11
3522,1041.12,657.11
3527,1041.12,657.11
3532,1041.12,657.11
3536,1041.12,657.11
3541,1041.12,657.11
3546,1041.12,657.11
3551,1041.12,657.11
3555,1041.12,657.11
3560,1041.12,657.11
3565,1041.12,657.11
3570,1041.12,657.11
3575,1041.12,657.11
3580,1041.12,657.11
3585,1041.12,657.11
3590,1041.12,657.11
3595,1041.12,657.11
3600,1041.12,657.11
3605,1041.12,657.11
3610,1041.12,657.11
3615,1041.12,657.11
3619,1041.12,657.11
3624,1041.12,657.11
3629,1041.12,657.11
3634,1041.12,657.11
3639,1041.12,657.11
3644,1041.12,657.11
3649,1041.12,657.11
3653,1041.12,657.11
3658,1041.12,657.11
3662,1041.12,657.11
3667,1041.12,657.11
3672,1041.12,657.11
3676,1041.12,657.11
3681,1041.12,657.11
3686,1041.12,657.11
3691,1041.12,657.11
3696,1041.12,657.11
3700,1041.12,657.11
3704,1041.12,657.11
3709,1041.12,657.11
3715,1041.12,657.11
3720,1041.12,657.11
3725,1041.12,657.11
3730,1041.12,657.11
3735,1041.12,657.11
3740,1041.12,657.11
3745,1041.12,657.11
3750,1041.12,657.11
3755,1041.12,657.11
3760,1041.12,657.11
3765,1041.12,657.11
3770,1041.12,657.11
3774,1041.12,657.11
3779,1041.12,657.11
3784,1041.12,657.11
3789,1041.12,657.11
3794,1041.12,657.11
3799,1041.12,657.11
3804,1041.12,657.11
3809,1041.12,657.11
3814,1041.12,657.11
3819,1041.12,657.11
3824,1041.12,657.11
3829,1041.12,657.11
3834,1041.12,657.11
3839,1041.12,657.11
3844,1041.12,657.11
3849,1041.12,657.11
3853,1041.12,657.11
3858,1041.12,657.11
3863,1041.12,657.11
3868,1041.12,657.11
3876,1041.12,657.11
3881,1041.12,657.11
3886,1041.12,657.11
3891,1041.12,657.11
3896,1041.12,657.11
3901,1041.12,657.11
3906,1041.12,657.11
3910,1041.12,657.11
3914,1041.12,657.11
3919,1041.12,657.11
3923,1041.12,657.11
3928,1041.12,657.11
3933,1041.12,657.11
3938,1041.12,657.11
3943,1041.12,657.11
3947,1041.12,657.11
3952,1041.12,657.11
3957,1041.12,657.11
3962,1041.12,657.11
3967,1041.12,657.11
3972,1041.12,657.11
3977,1041.12,657.11
3982,1041.12,657.11
3987,1041.12,657.11
3992,1041.12,657.11
3996,1041.12,657.11
4001,1041.12,657.11
4006,1041.12,657.11
4011,1041.12,657.11
4016,1041.12,657.11
4021,1041.12,657.11
4026,1041.12,657.11
4030,1041.12,657.11
4035,1041.12,657.11
4040,1041.12,657.11
4045,1041.12,657.11
4050,1041.12,657.11
4055,1041.12,657.11
4060,1041.12,657.11
4065,1041.12,657.11
4070,1041.12,657.11
4075,1041.12,657.11
4080,1041.12,657.11
4084,1041.12,657.11
4088,1041.12,657.11
4093,1041.12,657.11
4098,1041.12,657.11
4103,1041.12,657.11
4108,1041.12,657.11
4113,1041.12,657.11
4117,1041.12,657.11
4122,1041.12,657.11
4127,1041.12,657.11
4132,1041.12,657.11
4137,1041.12,657.11
4142,1041.12,657.11
4147,1041.12,657.11
4152,1041.12,657.11
4156,1041.12,657.11
4161,1041.12,657.11
4166,1041.12,657.11
4171,1041.12,657.11
4176,1041.12,657.11
4181,1041.12,657.11
4186,1041.12,657.11
4191,1041.12,657.11
4196,1041.12,657.11
4200,1041.12,657.11
4205,1041.12,657.11
4210,1041.12,657.11
4215,1041.12,657.11
4219,1041.12,657.11
4224,1041.12,657.11
4229,1041.12,657.11
4234,1041.12,657.11
4239,1041.12,657.11
4244,1041.12,657.11
4248,1041.12,657.11
4253,1041.12,657.11
4258,1041.12,657.11
4263,1041.12,657.11
4268,1041.12,657.11
4272,1041.12,657.11
4277,1041.12,657.11
4282,1041.12,657.11
4286,1041.12,657.11
4291,1041.12,657.11
4296,1041.12,657.11
4301,1041.12,657.11
4306,1041.12,657.11
4310,1041.12,657.11
4314,1041.12,657.11
4319,1041.12,657.11
4324,1041.12,657.11
4328,1041.12,657.11
4333,1041.12,657.11
4338,1041.12,657.11
4343,1041.12,657.11
4348,1041.12,657.11
4353,1041.12,657.11
4358,1041.12,657.11
4363,1041.12,657.11
4368,1041.12,657.11
4373,1041.12,657.11
4378,1041.12,657.11
4383,1041.12,657.11
4387,1041.12,657.11
4392,1041.12,657.11
4397,1041.12,657.11
4402,1041.12,657.11
4407,1041.12,657.11
4411,1041.12,657.11
4416,1041.12,657.11
4420,1041.12,657.11
4425,1041.12,657.11
4430,1041.12,657.11
4435,1041.12,657.11
4440,1041.12,657.11
4445,1041.12,657.11
4450,1041.12,657.11
4454,1041.12,657.11
4459,1041.12,657.11
4464,1041.12,657.11
4468,1041.12,657.11
4473,1041.12,657.11
4478,1041.12,657.11
4483,1041.12,657.11
4488,1041.12,657.11
4493,1041.12,657.11
4497,1041.12,657.11
4502,1041.12,657.11
4507,1041.12,657.11
4511,1041.12,657.11
4515,1041.12,657.11
4520,1041.12,657.11
4525,1041.12,657.11
4530,1041.12,657.11
4535,1041.12,657.11
4540,1041.12,657.11
4545,1041.12,657.11
4550,1041.12,657.11
4555,1041.12,657.11
4559,1041.12,657.11
4563,1041.12,657.11
4568,1041.12,657.11
4572,1041.12,657.11
4577,1041.12,657.11
4581,1041.12,657.11
4586,1041.12,657.11
4591,1041.12,657.11
4596,1041.12,657.11
4601,1041.12,657.11
4606,1041.12,657.11
4611,1041.12,657.11
4616,1041.12,657.11
4621,1041.12,657.11
4625,1041.12,657.11
4630,1041.12,657.11
4635,1041.12,657.11
4640,1041.12,657.11
4645,1041.12,657.11
4650,1041.12,657.11
4654,1041.12,657.11
4659,1041.12,657.11
4663,1041.12,657.11
4667,1041.12,657.11
4672,1041.12,657.11
4676,1041.12,657.11
4681,1041.12,657.11
4686,1041.12,657.11
4691,1041.12,657.11
4696,1041.12,657.11
4701,1041.12,657.11
4706,1041.12,657.11
4711,1041.12,657.11
4715,1041.12,657.11
4720,1041.12,657.11
4725,1041.12,657.11
4730,1041.12,657.11
4734,1041.12,657.11
4739,1041.12,657.11
4743,1041.12,657.11
4747,1041.12,657.11
4752,1041.12,657.11
4756,1041.12,657.11
4761,1041.12,657.11
4765,1041.12,657.11
4770,1041.12,657.11
4775,1041.12,657.11
4779,1041.12,657.11
4784,1041.12,657.11
4789,1041.12,657.11
4794,1041.12,657.11
4799,1041.12,657.11
4804,1041.12,657.11
4808,1041.12,657.11
4813,1041.12,657.11
4818,1041.12,657.11
4823,1041.12,657.11
4828,1041.12,657.11
4833,1041.12,657.11
4838,1041.12,657.11
4843,1041.12,657.11
4848,1041.12,657.11
4852,1041.12,657.11
4857,1041.12,657.11
4862,1041.12,657.11
4867,1041.12,657.11
4872,1041.12,657.11
4877,1041.12,657.11
4882,1041.12,657.11
4887,1041.12,657.11
4891,1041.12,657.11
4896,1041.12,657.11
4901,1041.12,657.11
4906,1041.12,657.11
4911,1041.12,657.11
4916,1041.12,657.11
4920,1041.12,657.11
4925,1041.12,657.11
4930,1041.12,657.11
4935,1041.12,657.11
4940,1041.12,657.11
4945,1041.12,657.11
4950,1041.12,657.11
4955,1041.12,657.11
4960,1041.12,657.11
4965,1041.12,657.11
4970,1041.12,657.11
4975,1041.12,657.11
4980,1041.12,657.11
4985,1041.12,657.11
4990,1041.12,657.11
4995,1041.12,657.11
5000,1041.12,657.11
5005,1041.12,657.11
5010,1041.12,657.11
5015,1041.12,657.11
5020,1041.12,657.11
5024,1041.12,657.11
5028,1041.12,657.11
5033,1041.12,657.11
5038,1041.12,657.11
5043,1041.12,657.11
5048,1041.12,657.11
5053,1041.12,657.11
5058,1041.12,657.11
5063,1041.12,657.11
5068,1041.12,657.11
5073,1041.12,657.11
5077,1041.12,657.11
5082,1041.12,657.11
5087,1041.12,657.11
5091,1041.12,657.11
5096,1041.12,657.11
5101,1041.12,657.11
5106,1041.12,657.11
5111,1041.12,657.11
5116,1041.12,657.11
5121,1041.12,657.11
5126,1041.12,657.11
5131,1041.12,657.11
5136,1041.12,657.11
5141,1041.12,657.11
5146,1041.12,657.11
5151,1041.12,657.11
5156,1041.12,657.11
5160,1041.12,657.11
5165,1041.12,657.11
5170,1041.12,657.11
5175,1041.12,657.11
5180,1041.12,657.11
5185,1041.12,657.11
5190,1041.12,657.11
5195,1041.12,657.11
5200,1041.12,657.11
5204,1041.12,657.11
5208,1041.12,657.11
5213,1041.12,657.11
5218,1041.12,657.11
5223,1041.12,657.11
5228,1041.12,657.11
5232,1041.12,657.11
5237,1041.12,657.11
5242,1041.12,657.11
5246,1041.12,657.11
5251,1041.12,657.11
5256,1041.12,657.11
5261,1041.12,657.11
5266,1041.12,657.11
5270,1041.12,657.11
5274,1041.12,657.11
5279,1041.12,657.11
5284,1041.12,657.11
5288,1041.12,657.11
5293,1041.12,657.11
5298,1041.12,657.11
5303,1041.12,657.11
5308,1041.12,657.11
5313,1041.12,657.11
5318,1041.12,657.11
5323,1041.12,657.11
5328,1041.12,657.11
5333,1041.12,657.11
5338,1041.12,657.11
5343,1041.12,657.11
5347,1041.12,657.11
5352,1041.12,657.11
5357,1041.12,657.11
5362,1041.12,657.11
5367,1041.12,657.11
5372,1041.12,657.11
5376,1041.12,657.11
5381,1041.12,657.11
5385,1041.12,657.11
5390,1041.12,657.11
5395,1041.12,657.11
5400,1041.12,657.11
5405,1041.12,657.11
5410,1041.12,657.11
5414,1041.12,657.11
5419,1041.12,657.11
5424,1041.12,657.11
5429,1041.12,657.11
5434,1041.12,657.11
5438,1041.12,657.11
5443,1041.12,657.11
5448,1041.12,657.11
5453,1041.12,657.11
5458,1041.12,657.11
5463,1041.12,657.11
5467,1041.12,657.11
5472,1041.12,657.11
5477,1041.12,657.11
5482,1041.12,657.11
5487,1041.12,657.11
5492,1041.12,657.11
5497,1041.12,657.11
5502,1041.12,657.11
5506,1041.12,657.11
5511,1041.12,657.11
5516,1041.12,657.11
5521,1041.12,657.11
5525,1041.12,657.11
5530,1041.12,657.11
5535,1041.12,657.11
5539,1041.12,657.11
5544,1041.12,657.11
5549,1041.12,657.11
5554,1041.12,657.11
5558,1041.12,657.11
5563,1041.12,657.11
5567,1041.12,657.11
5572,1041.12,657.11
5577,1041.12,657.11
5582,1041.12,657.11
5587,1041.12,657.11
5592,1041.12,657.11
5597,1041.12,657.11
5602,1041.12,657.11
5607,1041.12,657.11
5612,1041.12,657.11
5617,1041.12,657.11
5622,1041.12,657.11
5626,1041.12,657.11
5631,1041.12,657.11
5636,1041.12,657.11
5641,1041.12,657.11
5646,1041.12,657.11
5651,1041.12,657.11
5656,1041.12,657.11
5661,1041.12,657.11
5665,1041.12,657.11
5670,1041.12,657.11
5675,1041.12,657.11
5680,1041.12,657.11
5685,1041.12,657.11
5690,1041.12,657.11
5695,1041.12,657.11
5700,1041.12,657.11
5704,1041.12,657.11
5709,1041.12,657.11
5714,1041.12,657.11
5718,1041.12,657.11
5723,1041.12,657.11
5727,1041.12,657.11
5732,1041.12,657.11
5737,1041.12,657.11
5742,1041.12,657.11
5747,1041.12,657.11
5752,1041.12,657.11
5756,1041.12,657.11
5761,1041.12,657.11
5765,1041.12,657.11
5770,1041.12,657.11
5774,1041.12,657.11
5779,1041.12,657.11
5784,1041.12,657.11
5789,1041.12,657.11
5794,1041.12,657.11
5799,1041.12,657.11
5803,1041.12,657.11
5808,1041.12,657.11
5813,1041.12,657.11
5818,1041.12,657.11
5823,1041.12,657.11
5827,1041.12,657.11
5832,1041.12,657.11
5837,1041.12,657.11
5842,1041.12,657.11
5847,1041.12,657.11
5852,1041.12,657.11
5857,1041.12,657.11
5862,1041.12,657.11
5867,1041.12,657.11
5872,1041.12,657.11
5877,1041.12,657.11
5882,1041.12,657.11
5887,1041.12,657.11
5891,1041.12,657.11
5896,1041.12,657.11
5901,1041.12,657.11
5906,1041.12,657.11
5911,1041.12,657.11
5916,1041.12,657.11
5921,1041.12,657.11
5926,1041.12,657.11
5931,1041.12,657.11
5936,1041.12,657.11
5940,1041.12,657.11
5944,1041.12,657.11
5949,1041.12,657.11
5954,1041.12,657.11
5959,1041.12,657.11
5963,1041.12,657.11
5968,1041.12,657.11
5973,1041.12,657.11
5978,1041.12,657.11
5983,1041.12,657.11
5988,1041.12,657.11
5992,1041.12,657.11
5997,1041.12,657.11
6002,1041.12,657.11
6007,1041.12,657.11
6012,1041.12,657.11
6017,1041.12,657.11
6022,1041.12,657.11
6026,1041.12,657.11
6031,1041.12,657.11
6036,1041.12,657.11
6041,1041.12,657.11
6046,1041.12,657.11
6051,1041.12,657.11
6056,1041.12,657.11
6061,1041.12,657.11
6066,1041.12,657.11
6070,1041.12,657.11
6074,1041.12,657.11
6079,1041.12,657.11
6084,1041.12,657.11
6088,1041.12,657.11
6093,1041.12,657.11
6098,1041.12,657.11
6103,1041.12,657.11
6108,1041.12,657.11
6113,1041.12,657.11
6117,1041.12,657.11
6122,1041.12,657.11
6126,1041.12,657.11
6131,1041.12,657.11
6136,1041.12,657.11
6141,1041.12,657.11
6145,1041.12,657.11
6150,1041.12,657.11
6154,1041.12,657.11
6159,1041.12,657.11
6164,1041.12,657.11
6168,1041.12,657.11
6173,1041.12,657.11
6178,1041.12,657.11
6183,1041.12,657.11
6188,1041.12,657.11
6193,1041.12,657.11
6198,1041.12,657.11
6203,1041.12,657.11
6208,1041.12,657.11
6212,1041.12,657.11
6217,1041.12,657.11
6222,1041.12,657.11
6227,1041.12,657.11
6232,1041.12,657.11
6237,1041.12,657.11
6242,1041.12,657.11
6247,1041.12,657.11
6251,1041.12,657.11
6256,1041.12,657.11
6261,1041.12,657.11
6266,1041.12,657.11
6271,1041.12,657.11
6275,1041.12,657.11
6280,1041.12,657.11
6285,1041.12,657.11
6290,1041.12,657.11
6295,1041.12,657.11
6299,1041.12,657.11
6304,1041.12,657.11
6309,1041.12,657.11
6314,1041.12,657.11
6318,1041.12,657.11
6323,1041.12,657.11
6328,1041.12,657.11
6333,1041.12,657.11
6338,1041.12,657.11
6343,1041.12,657.11
6348,1041.12,657.11
6353,1041.12,657.11
6357,1041.12,657.11
6362,1041.12,657.11
6367,1041.12,657.11
6372,1041.12,657.11
6377,1041.12,657.11
6381,1041.12,657.11
6386,1041.12,657.11
6391,1041.12,657.11
6396,1041.12,657.11
6401,1041.12,657.11
6406,1041.12,657.11
6411,1041.12,657.11
6416,1041.12,657.11
6421,1041.12,657.11
6426,1041.12,657.11
6431,1041.12,657.11
6435,1041.12,657.11
6440,1041.12,657.11
6445,1041.12,657.11
6450,1041.12,657.11
6455,1041.12,657.11
6460,1041.12,657.11
6465,1041.12,657.11
6470,1041.12,657.11
6475,1041.12,657.11
6480,1041.12,657.11
6485,1041.12,657.11
6490,1041.12,657.11
6495,1041.12,657.11
6500,1041.12,657.11
6505,1041.12,657.11
6510,1041.12,657.11
6515,1041.12,657.11
6520,1041.12,657.11
6525,1041.12,657.11
6530,1041.12,657.11
6535,1041.12,657.11
6540,1041.12,657.11
6545,1041.12,657.11
6550,1041.12,657.11
6554,1041.12,657.11
6559,1041.12,657.11
6563,1041.12,657.11
6568,1041.12,657.11
6573,1041.12,657.11
